authored_date,committed_date,before_or_after,id_issue
2020-10-30T15:09:28Z,2020-10-30T15:09:28Z,before,732267627
2020-10-30T12:52:32Z,2020-10-30T12:52:40Z,before,732267627
2020-10-30T12:49:14Z,2020-10-30T12:50:20Z,before,732267627
2020-10-30T12:35:18Z,2020-10-30T12:50:20Z,before,732267627
2020-10-30T12:30:54Z,2020-10-30T12:50:20Z,before,732267627
2020-10-30T11:04:27Z,2020-10-30T12:50:19Z,before,732267627
2020-10-30T02:26:34Z,2020-10-30T02:26:34Z,before,732267627
2020-10-29T18:44:27Z,2020-10-29T18:44:27Z,before,732267627
2020-10-29T18:29:06Z,2020-10-29T18:29:06Z,before,732267627
2020-10-29T18:04:02Z,2020-10-29T18:04:02Z,before,732267627
2020-10-29T18:00:05Z,2020-10-29T18:00:05Z,before,732267627
2020-10-29T17:54:01Z,2020-10-29T17:54:01Z,before,732267627
2020-10-29T17:51:34Z,2020-10-29T17:51:34Z,before,732267627
2020-10-29T17:50:21Z,2020-10-29T17:50:21Z,before,732267627
2020-10-29T14:55:31Z,2020-10-29T14:55:31Z,before,732267627
2020-10-29T14:53:10Z,2020-10-29T14:53:10Z,before,732267627
2020-10-29T14:44:07Z,2020-10-29T14:44:07Z,before,732267627
2020-10-29T14:27:38Z,2020-10-29T14:29:46Z,before,732267627
2020-10-29T14:16:50Z,2020-10-29T14:16:50Z,before,732267627
2020-10-29T13:52:56Z,2020-10-29T13:52:56Z,before,732267627
2020-10-29T12:56:35Z,2020-10-29T12:56:35Z,before,732267627
2020-10-28T14:13:32Z,2020-10-29T12:27:50Z,before,732267627
2020-10-28T15:28:58Z,2020-10-28T15:28:58Z,before,732267627
2020-10-28T14:23:42Z,2020-10-28T14:23:42Z,before,732267627
2020-10-28T14:01:13Z,2020-10-28T14:01:13Z,before,732267627
2020-10-28T13:45:21Z,2020-10-28T13:47:14Z,before,732267627
2020-10-28T12:22:56Z,2020-10-28T12:22:56Z,before,732267627
2020-10-27T20:10:45Z,2020-10-27T20:10:45Z,before,732267627
2020-10-27T20:07:39Z,2020-10-27T20:07:43Z,before,732267627
2020-10-27T19:07:37Z,2020-10-27T19:07:37Z,before,732267627
2020-10-27T16:55:36Z,2020-10-27T16:55:36Z,before,732267627
2020-10-27T15:46:19Z,2020-10-27T15:48:18Z,before,732267627
2020-10-27T15:33:06Z,2020-10-27T15:36:22Z,before,732267627
2020-10-27T15:30:32Z,2020-10-27T15:30:32Z,before,732267627
2020-10-27T15:26:36Z,2020-10-27T15:26:36Z,before,732267627
2020-10-27T15:11:28Z,2020-10-27T15:11:54Z,before,732267627
2020-10-26T21:54:39Z,2020-10-27T14:50:03Z,before,732267627
2020-10-27T14:44:21Z,2020-10-27T14:44:21Z,before,732267627
2020-10-27T13:30:00Z,2020-10-27T13:30:00Z,before,732267627
2020-10-25T17:07:06Z,2020-10-25T20:11:59Z,before,732267627
2020-10-25T15:13:54Z,2020-10-25T15:14:10Z,before,732267627
2020-10-25T13:36:42Z,2020-10-25T13:37:08Z,before,732267627
2020-10-25T13:36:11Z,2020-10-25T13:37:08Z,before,732267627
2020-10-24T17:29:49Z,2020-10-24T17:29:49Z,before,732267627
2020-10-24T17:07:06Z,2020-10-24T17:07:15Z,before,732267627
2020-10-24T13:32:06Z,2020-10-24T13:32:20Z,before,732267627
2020-10-24T03:15:45Z,2020-10-24T03:16:02Z,before,732267627
2020-10-23T21:59:24Z,2020-10-23T21:59:35Z,before,732267627
2020-10-23T20:57:11Z,2020-10-23T20:57:11Z,before,732267627
2020-10-23T20:38:40Z,2020-10-23T20:38:40Z,before,732267627
2020-10-23T20:33:48Z,2020-10-23T20:33:48Z,before,732267627
2020-10-23T20:32:06Z,2020-10-23T20:32:06Z,before,732267627
2020-10-23T20:16:21Z,2020-10-23T20:16:21Z,before,732267627
2020-10-23T20:13:06Z,2020-10-23T20:13:15Z,before,732267627
2020-10-23T20:11:57Z,2020-10-23T20:11:57Z,before,732267627
2020-10-23T19:15:39Z,2020-10-23T19:15:39Z,before,732267627
2020-10-23T18:40:28Z,2020-10-23T18:40:28Z,before,732267627
2020-10-23T16:28:05Z,2020-10-23T16:28:05Z,before,732267627
2020-10-23T16:26:29Z,2020-10-23T16:26:29Z,before,732267627
2020-10-23T16:19:01Z,2020-10-23T16:19:01Z,before,732267627
2020-10-23T15:29:32Z,2020-10-23T15:29:39Z,before,732267627
2020-10-23T15:13:21Z,2020-10-23T15:13:21Z,before,732267627
2020-10-23T14:11:32Z,2020-10-23T14:13:31Z,before,732267627
2020-10-23T14:04:07Z,2020-10-23T14:04:07Z,before,732267627
2020-10-23T13:56:44Z,2020-10-23T14:01:58Z,before,732267627
2020-10-23T13:59:12Z,2020-10-23T13:59:37Z,before,732267627
2020-10-23T13:43:12Z,2020-10-23T13:59:37Z,before,732267627
2020-10-23T13:24:04Z,2020-10-23T13:59:36Z,before,732267627
2020-10-23T13:18:42Z,2020-10-23T13:59:36Z,before,732267627
2020-10-23T13:41:18Z,2020-10-23T13:41:18Z,before,732267627
2020-10-23T13:24:47Z,2020-10-23T13:27:21Z,before,732267627
2020-10-23T12:40:54Z,2020-10-23T12:41:28Z,before,732267627
2020-10-23T11:47:47Z,2020-10-23T11:47:47Z,before,732267627
2020-10-23T03:22:14Z,2020-10-23T03:22:14Z,before,732267627
2020-10-23T03:15:19Z,2020-10-23T03:15:19Z,before,732267627
2020-10-23T03:11:15Z,2020-10-23T03:11:15Z,before,732267627
2020-10-23T02:55:50Z,2020-10-23T02:55:50Z,before,732267627
2020-10-23T02:39:50Z,2020-10-23T02:52:54Z,before,732267627
2020-10-23T02:38:58Z,2020-10-23T02:52:54Z,before,732267627
2020-10-23T02:38:44Z,2020-10-23T02:52:54Z,before,732267627
2020-10-23T02:34:30Z,2020-10-23T02:52:27Z,before,732267627
2020-10-23T02:34:12Z,2020-10-23T02:52:27Z,before,732267627
2020-10-23T02:32:40Z,2020-10-23T02:52:26Z,before,732267627
2020-10-22T16:32:28Z,2020-10-22T16:32:28Z,before,732267627
2020-10-22T14:37:02Z,2020-10-22T14:48:27Z,before,732267627
2020-10-22T09:27:43Z,2020-10-22T09:27:43Z,before,732267627
2020-10-22T00:18:09Z,2020-10-22T00:18:09Z,before,732267627
2020-10-07T22:12:26Z,2020-10-21T19:52:10Z,before,732267627
2020-10-21T19:22:11Z,2020-10-21T19:22:11Z,before,732267627
2020-10-21T14:49:40Z,2020-10-21T19:21:40Z,before,732267627
2020-10-20T17:35:39Z,2020-10-21T19:21:40Z,before,732267627
2020-10-21T19:01:19Z,2020-10-21T19:01:19Z,before,732267627
2020-10-21T18:09:04Z,2020-10-21T18:12:37Z,before,732267627
2020-10-07T21:33:27Z,2020-10-21T14:24:49Z,before,732267627
2020-10-21T13:30:18Z,2020-10-21T13:30:18Z,before,732267627
2020-10-20T23:02:10Z,2020-10-21T13:13:09Z,before,732267627
2020-10-15T07:27:19Z,2020-10-20T17:30:24Z,before,732267627
2020-10-13T13:24:58Z,2020-10-20T17:30:24Z,before,732267627
2020-10-20T13:44:18Z,2020-10-20T17:29:32Z,before,732267627
2020-10-20T12:48:41Z,2020-10-20T17:29:32Z,before,732267627
2020-10-20T12:00:27Z,2020-10-20T17:29:32Z,before,732267627
2020-10-20T10:55:36Z,2020-10-20T17:29:32Z,before,732267627
2020-10-20T14:59:33Z,2020-10-20T17:29:15Z,before,732267627
2020-10-20T03:49:46Z,2020-10-20T03:49:46Z,before,732267627
2020-10-20T01:36:46Z,2020-10-20T01:36:46Z,before,732267627
2020-10-19T18:07:35Z,2020-10-20T01:12:11Z,before,732267627
2020-10-19T17:29:33Z,2020-10-19T17:29:33Z,before,732267627
2020-10-19T17:28:49Z,2020-10-19T17:28:49Z,before,732267627
2020-10-19T13:19:17Z,2020-10-19T13:19:27Z,before,732267627
2020-10-19T13:10:57Z,2020-10-19T13:10:57Z,before,732267627
2020-10-19T13:09:43Z,2020-10-19T13:09:43Z,before,732267627
2020-10-19T13:08:52Z,2020-10-19T13:08:52Z,before,732267627
2020-10-16T08:14:33Z,2020-10-19T13:07:21Z,before,732267627
2020-10-16T18:21:52Z,2020-10-16T18:21:52Z,before,732267627
2020-10-16T16:19:44Z,2020-10-16T16:22:05Z,before,732267627
2020-10-16T14:27:46Z,2020-10-16T16:22:05Z,before,732267627
2020-10-16T14:15:57Z,2020-10-16T16:22:05Z,before,732267627
2020-10-16T14:51:15Z,2020-10-16T14:51:15Z,before,732267627
2020-10-16T14:41:26Z,2020-10-16T14:41:34Z,before,732267627
2020-10-16T14:41:18Z,2020-10-16T14:41:34Z,before,732267627
2020-10-16T13:30:23Z,2020-10-16T13:30:45Z,before,732267627
2020-10-16T13:28:23Z,2020-10-16T13:28:23Z,before,732267627
2020-10-16T04:34:34Z,2020-10-16T04:34:34Z,before,732267627
2020-10-15T23:50:01Z,2020-10-15T23:50:26Z,before,732267627
2020-10-15T23:49:12Z,2020-10-15T23:49:12Z,before,732267627
2020-10-15T19:18:43Z,2020-10-15T19:18:43Z,before,732267627
2020-10-15T19:18:37Z,2020-10-15T19:18:37Z,before,732267627
2020-10-15T19:18:16Z,2020-10-15T19:18:16Z,before,732267627
2020-10-15T15:44:41Z,2020-10-15T15:44:41Z,before,732267627
2020-10-15T14:51:01Z,2020-10-15T14:51:01Z,before,732267627
2020-10-15T13:56:32Z,2020-10-15T13:56:32Z,before,732267627
2020-10-15T13:51:50Z,2020-10-15T13:51:50Z,before,732267627
2020-10-15T13:47:18Z,2020-10-15T13:47:31Z,before,732267627
2020-10-15T13:40:09Z,2020-10-15T13:45:00Z,before,732267627
2020-10-15T13:23:26Z,2020-10-15T13:23:26Z,before,732267627
2020-10-15T12:43:41Z,2020-10-15T12:43:41Z,before,732267627
2020-10-15T12:37:42Z,2020-10-15T12:37:42Z,before,732267627
2020-10-15T12:34:36Z,2020-10-15T12:34:36Z,before,732267627
2020-10-14T17:47:47Z,2020-10-14T20:22:58Z,before,732267627
2020-10-14T18:33:19Z,2020-10-14T18:33:19Z,before,732267627
2020-10-14T17:49:21Z,2020-10-14T17:49:21Z,before,732267627
2020-10-14T17:47:44Z,2020-10-14T17:47:44Z,before,732267627
2020-10-14T17:46:55Z,2020-10-14T17:46:55Z,before,732267627
2020-10-14T14:24:19Z,2020-10-14T14:24:19Z,before,732267627
2020-10-14T13:40:40Z,2020-10-14T13:40:40Z,before,732267627
2020-10-14T03:28:09Z,2020-10-14T03:28:09Z,before,732267627
2020-10-14T03:25:28Z,2020-10-14T03:25:28Z,before,732267627
2020-10-14T01:04:05Z,2020-10-14T01:04:05Z,before,732267627
2020-10-14T00:55:13Z,2020-10-14T00:55:13Z,before,732267627
2020-10-13T22:25:23Z,2020-10-13T22:32:11Z,before,732267627
2020-10-13T20:20:45Z,2020-10-13T20:27:18Z,before,732267627
2020-10-13T19:22:51Z,2020-10-13T20:27:18Z,before,732267627
2020-10-13T13:32:10Z,2020-10-13T20:27:18Z,before,732267627
2020-10-13T13:14:34Z,2020-10-13T20:27:18Z,before,732267627
2020-10-13T18:02:59Z,2020-10-13T19:08:48Z,before,732267627
2020-10-11T21:42:28Z,2020-10-13T18:46:38Z,before,732267627
2020-10-11T21:29:28Z,2020-10-13T18:46:38Z,before,732267627
2020-10-13T13:22:57Z,2020-10-13T13:22:57Z,before,732267627
2020-10-13T13:14:31Z,2020-10-13T13:14:36Z,before,732267627
2020-10-13T13:08:06Z,2020-10-13T13:10:18Z,before,732267627
2020-10-13T13:07:54Z,2020-10-13T13:10:18Z,before,732267627
2020-10-13T00:16:03Z,2020-10-13T02:17:22Z,before,732267627
2020-10-12T16:48:47Z,2020-10-12T16:48:47Z,before,732267627
2020-10-12T16:19:08Z,2020-10-12T16:19:08Z,before,732267627
2020-10-12T12:56:35Z,2020-10-12T13:04:58Z,before,732267627
2020-10-11T16:27:59Z,2020-10-11T16:27:59Z,before,732267627
2020-10-11T12:25:38Z,2020-10-11T12:25:38Z,before,732267627
2020-10-11T11:28:19Z,2020-10-11T11:28:19Z,before,732267627
2020-10-11T11:22:50Z,2020-10-11T11:28:01Z,before,732267627
2020-10-10T19:58:45Z,2020-10-10T19:58:45Z,before,732267627
2020-10-10T14:48:10Z,2020-10-10T15:10:16Z,before,732267627
2020-10-10T12:46:02Z,2020-10-10T12:46:02Z,before,732267627
2020-10-09T19:34:07Z,2020-10-09T20:01:55Z,before,732267627
2020-10-09T18:48:54Z,2020-10-09T20:01:55Z,before,732267627
2020-10-09T01:41:20Z,2020-10-09T14:29:53Z,before,732267627
2020-10-09T13:05:37Z,2020-10-09T13:05:37Z,before,732267627
2020-10-09T11:35:09Z,2020-10-09T11:45:40Z,before,732267627
2020-10-08T21:10:22Z,2020-10-09T11:45:39Z,before,732267627
2020-10-08T20:07:06Z,2020-10-09T11:45:39Z,before,732267627
2020-10-09T01:14:33Z,2020-10-09T01:26:01Z,before,732267627
2020-10-08T21:12:40Z,2020-10-08T21:12:40Z,before,732267627
2020-10-08T20:53:06Z,2020-10-08T20:53:06Z,before,732267627
2020-10-08T20:52:46Z,2020-10-08T20:52:46Z,before,732267627
2020-10-08T20:49:41Z,2020-10-08T20:49:49Z,before,732267627
2020-10-08T19:55:25Z,2020-10-08T19:55:25Z,before,732267627
2020-10-08T19:54:30Z,2020-10-08T19:54:30Z,before,732267627
2020-10-08T19:52:32Z,2020-10-08T19:52:32Z,before,732267627
2020-10-08T19:47:47Z,2020-10-08T19:47:47Z,before,732267627
2020-10-08T18:55:33Z,2020-10-08T18:55:33Z,before,732267627
2020-10-08T18:54:13Z,2020-10-08T18:54:19Z,before,732267627
2020-10-08T18:44:58Z,2020-10-08T18:54:19Z,before,732267627
2020-10-08T15:45:21Z,2020-10-08T15:45:21Z,before,732267627
2020-10-08T15:04:53Z,2020-10-08T15:04:53Z,before,732267627
2020-10-08T14:57:45Z,2020-10-08T14:57:45Z,before,732267627
2020-10-08T14:24:43Z,2020-10-08T14:24:43Z,before,732267627
2020-10-08T13:17:03Z,2020-10-08T13:17:03Z,before,732267627
2020-10-07T19:30:51Z,2020-10-07T19:30:51Z,before,732267627
2020-10-07T19:29:38Z,2020-10-07T19:29:38Z,before,732267627
2020-10-07T19:14:47Z,2020-10-07T19:14:47Z,before,732267627
2020-10-07T19:11:34Z,2020-10-07T19:12:33Z,before,732267627
2020-10-07T18:58:42Z,2020-10-07T19:11:40Z,before,732267627
2020-10-07T17:52:47Z,2020-10-07T17:52:47Z,before,732267627
2020-10-07T17:48:45Z,2020-10-07T17:48:45Z,before,732267627
2020-10-07T13:51:00Z,2020-10-07T13:51:00Z,before,732267627
2020-10-07T13:43:15Z,2020-10-07T13:43:15Z,before,732267627
2020-10-07T13:36:51Z,2020-10-07T13:37:36Z,before,732267627
2020-10-07T13:30:22Z,2020-10-07T13:30:22Z,before,732267627
2020-10-07T13:23:13Z,2020-10-07T13:27:06Z,before,732267627
2020-10-07T01:26:18Z,2020-10-07T12:17:21Z,before,732267627
2020-10-07T01:25:18Z,2020-10-07T12:16:54Z,before,732267627
2020-10-07T02:40:27Z,2020-10-07T12:13:37Z,before,732267627
2020-10-06T13:43:52Z,2020-10-06T13:43:52Z,before,732267627
2020-10-06T04:43:28Z,2020-10-06T12:06:33Z,before,732267627
2020-10-05T21:42:46Z,2020-10-05T21:42:46Z,before,732267627
2020-10-05T21:18:29Z,2020-10-05T21:18:29Z,before,732267627
2020-10-05T21:16:29Z,2020-10-05T21:16:29Z,before,732267627
2020-10-05T18:06:37Z,2020-10-05T18:06:37Z,before,732267627
2020-10-05T18:04:59Z,2020-10-05T18:04:59Z,before,732267627
2020-10-05T17:54:16Z,2020-10-05T17:54:16Z,before,732267627
2020-10-05T17:29:16Z,2020-10-05T17:29:16Z,before,732267627
2020-10-05T17:09:34Z,2020-10-05T17:09:34Z,before,732267627
2020-10-05T17:06:06Z,2020-10-05T17:06:06Z,before,732267627
2020-10-05T17:02:59Z,2020-10-05T17:02:59Z,before,732267627
2020-10-05T15:40:25Z,2020-10-05T15:58:37Z,before,732267627
2020-10-05T15:02:50Z,2020-10-05T15:02:50Z,before,732267627
2020-10-05T12:56:28Z,2020-10-05T12:56:28Z,before,732267627
2020-10-05T00:19:38Z,2020-10-05T00:19:38Z,before,732267627
2020-10-05T00:19:22Z,2020-10-05T00:19:22Z,before,732267627
2020-10-04T21:39:14Z,2020-10-04T21:39:14Z,before,732267627
2020-10-04T21:29:34Z,2020-10-04T21:29:34Z,before,732267627
2020-10-04T21:28:55Z,2020-10-04T21:28:55Z,before,732267627
2020-10-04T20:48:27Z,2020-10-04T20:48:27Z,before,732267627
2020-10-04T20:24:20Z,2020-10-04T20:24:20Z,before,732267627
2020-10-04T20:21:53Z,2020-10-04T20:21:53Z,before,732267627
2020-10-04T16:25:51Z,2020-10-04T16:26:01Z,before,732267627
2020-10-04T14:54:38Z,2020-10-04T14:54:38Z,before,732267627
2020-10-04T14:46:33Z,2020-10-04T14:46:33Z,before,732267627
2020-10-04T14:29:27Z,2020-10-04T14:29:27Z,before,732267627
2020-10-04T14:11:39Z,2020-10-04T14:11:39Z,before,732267627
2020-10-04T00:41:23Z,2020-10-04T12:42:02Z,before,732267627
2020-10-03T16:48:21Z,2020-10-03T16:48:27Z,before,732267627
2020-10-03T15:52:39Z,2020-10-03T15:52:39Z,before,732267627
2020-10-03T15:39:04Z,2020-10-03T15:39:04Z,before,732267627
2020-10-03T15:37:30Z,2020-10-03T15:37:30Z,before,732267627
2020-10-03T14:55:50Z,2020-10-03T14:55:50Z,before,732267627
2020-10-03T14:33:12Z,2020-10-03T14:33:32Z,before,732267627
2020-10-02T20:49:03Z,2020-10-03T14:33:31Z,before,732267627
2020-10-03T12:49:41Z,2020-10-03T12:49:41Z,before,732267627
2020-10-03T12:30:30Z,2020-10-03T12:30:30Z,before,732267627
2020-10-03T01:23:02Z,2020-10-03T01:23:02Z,before,732267627
2020-10-03T01:16:43Z,2020-10-03T01:16:43Z,before,732267627
2020-10-03T00:47:18Z,2020-10-03T00:47:18Z,before,732267627
2020-10-02T20:19:51Z,2020-10-02T20:20:42Z,before,732267627
2020-10-02T20:16:14Z,2020-10-02T20:16:30Z,before,732267627
2020-10-02T20:01:09Z,2020-10-02T20:01:09Z,before,732267627
2020-10-02T19:47:04Z,2020-10-02T19:47:04Z,before,732267627
2020-10-02T19:45:25Z,2020-10-02T19:45:25Z,before,732267627
2020-10-02T19:28:04Z,2020-10-02T19:28:04Z,before,732267627
2020-10-02T19:26:29Z,2020-10-02T19:26:35Z,before,732267627
2020-10-02T18:52:07Z,2020-10-02T18:52:07Z,before,732267627
2020-10-02T18:49:50Z,2020-10-02T18:49:50Z,before,732267627
2020-10-02T18:48:09Z,2020-10-02T18:48:09Z,before,732267627
2020-10-02T18:43:28Z,2020-10-02T18:43:28Z,before,732267627
2020-10-02T18:23:22Z,2020-10-02T18:42:01Z,before,732267627
2020-10-02T18:19:46Z,2020-10-02T18:42:00Z,before,732267627
2020-10-02T18:25:21Z,2020-10-02T18:25:21Z,before,732267627
2020-10-02T18:10:31Z,2020-10-02T18:10:31Z,before,732267627
2020-10-02T18:08:01Z,2020-10-02T18:08:01Z,before,732267627
2020-10-02T18:05:44Z,2020-10-02T18:05:44Z,before,732267627
2020-10-02T17:59:04Z,2020-10-02T17:59:04Z,before,732267627
2020-10-02T17:49:41Z,2020-10-02T17:56:47Z,before,732267627
2020-10-02T17:49:27Z,2020-10-02T17:56:47Z,before,732267627
2020-10-02T17:49:11Z,2020-10-02T17:56:47Z,before,732267627
2020-10-02T17:52:50Z,2020-10-02T17:52:50Z,before,732267627
2020-10-02T17:49:42Z,2020-10-02T17:49:42Z,before,732267627
2020-10-02T17:39:07Z,2020-10-02T17:39:40Z,before,732267627
2020-10-02T17:31:35Z,2020-10-02T17:31:35Z,before,732267627
2020-10-02T17:24:50Z,2020-10-02T17:24:50Z,before,732267627
2020-10-02T16:40:09Z,2020-10-02T16:40:09Z,before,732267627
2020-10-02T16:18:57Z,2020-10-02T16:18:57Z,before,732267627
2020-10-02T15:54:37Z,2020-10-02T15:54:37Z,before,732267627
2020-10-02T15:46:16Z,2020-10-02T15:46:41Z,before,732267627
2020-10-02T15:39:33Z,2020-10-02T15:39:33Z,before,732267627
2020-10-02T15:38:04Z,2020-10-02T15:38:04Z,before,732267627
2020-10-02T14:57:53Z,2020-10-02T14:57:53Z,before,732267627
2020-10-02T14:10:53Z,2020-10-02T14:10:53Z,before,732267627
2020-10-02T13:33:14Z,2020-10-02T13:33:28Z,before,732267627
2020-10-02T13:17:38Z,2020-10-02T13:17:38Z,before,732267627
2020-10-02T13:05:00Z,2020-10-02T13:06:28Z,before,732267627
2020-10-02T12:13:23Z,2020-10-02T12:56:51Z,before,732267627
2020-10-02T03:28:36Z,2020-10-02T03:28:36Z,before,732267627
2020-10-02T02:30:18Z,2020-10-02T02:30:18Z,before,732267627
2020-10-02T01:28:41Z,2020-10-02T01:28:41Z,before,732267627
2020-10-02T00:52:41Z,2020-10-02T00:52:41Z,before,732267627
2020-10-02T00:16:54Z,2020-10-02T00:16:54Z,before,732267627
2020-10-01T23:51:13Z,2020-10-01T23:51:13Z,before,732267627
2020-10-01T23:49:53Z,2020-10-01T23:49:53Z,before,732267627
2020-10-01T23:43:38Z,2020-10-01T23:43:38Z,before,732267627
2020-10-01T23:00:29Z,2020-10-01T23:00:29Z,before,732267627
2020-10-01T22:55:12Z,2020-10-01T22:55:12Z,before,732267627
2020-10-01T22:26:46Z,2020-10-01T22:26:46Z,before,732267627
2020-10-01T21:40:55Z,2020-10-01T21:40:55Z,before,732267627
2020-10-01T20:53:40Z,2020-10-01T20:53:40Z,before,732267627
2020-10-01T20:48:02Z,2020-10-01T20:48:02Z,before,732267627
2020-10-01T19:17:10Z,2020-10-01T20:06:01Z,before,732267627
2020-10-01T18:57:34Z,2020-10-01T20:06:01Z,before,732267627
2020-10-01T18:39:51Z,2020-10-01T20:06:01Z,before,732267627
2020-10-01T18:38:37Z,2020-10-01T20:06:00Z,before,732267627
2020-10-01T18:26:40Z,2020-10-01T20:06:00Z,before,732267627
2020-10-01T18:26:04Z,2020-10-01T18:26:57Z,before,732267627
2020-10-01T18:25:21Z,2020-10-01T18:25:21Z,before,732267627
2020-10-01T15:54:46Z,2020-10-01T15:54:46Z,before,732267627
2020-10-01T15:38:20Z,2020-10-01T15:38:20Z,before,732267627
2020-10-01T15:37:52Z,2020-10-01T15:37:52Z,before,732267627
2020-10-01T14:36:41Z,2020-10-01T14:36:55Z,before,732267627
2020-10-01T14:30:52Z,2020-10-01T14:30:52Z,before,732267627
2020-10-01T13:31:31Z,2020-10-01T13:31:31Z,before,732267627
2020-10-01T13:23:32Z,2020-10-01T13:23:32Z,before,732267627
2020-10-01T13:03:27Z,2020-10-01T13:03:27Z,before,732267627
2020-09-30T21:59:39Z,2020-09-30T21:59:39Z,before,732267627
2020-09-30T21:45:14Z,2020-09-30T21:45:14Z,before,732267627
2020-09-30T20:55:16Z,2020-09-30T20:55:16Z,before,732267627
2020-11-29T20:39:36Z,2020-11-29T20:39:36Z,after,732267627
2020-11-29T20:31:15Z,2020-11-29T20:31:15Z,after,732267627
2020-11-29T19:02:36Z,2020-11-29T19:02:36Z,after,732267627
2020-11-29T18:33:26Z,2020-11-29T18:33:26Z,after,732267627
2020-11-29T17:25:56Z,2020-11-29T17:26:18Z,after,732267627
2020-11-29T17:08:08Z,2020-11-29T17:08:34Z,after,732267627
2020-11-29T17:07:53Z,2020-11-29T17:08:34Z,after,732267627
2020-11-29T02:11:59Z,2020-11-29T02:21:19Z,after,732267627
2020-11-29T01:39:12Z,2020-11-29T01:39:38Z,after,732267627
2020-11-29T00:12:44Z,2020-11-29T00:12:44Z,after,732267627
2020-11-28T23:26:04Z,2020-11-28T23:26:04Z,after,732267627
2020-11-28T23:09:08Z,2020-11-28T23:25:25Z,after,732267627
2020-11-28T15:55:22Z,2020-11-28T23:25:25Z,after,732267627
2020-11-28T15:25:15Z,2020-11-28T23:25:24Z,after,732267627
2020-11-28T15:19:54Z,2020-11-28T23:25:24Z,after,732267627
2020-11-28T15:13:47Z,2020-11-28T23:25:23Z,after,732267627
2020-11-28T21:48:33Z,2020-11-28T21:48:42Z,after,732267627
2020-11-28T21:42:11Z,2020-11-28T21:42:11Z,after,732267627
2020-11-28T21:09:42Z,2020-11-28T21:09:42Z,after,732267627
2020-11-27T22:25:01Z,2020-11-27T22:25:01Z,after,732267627
2020-11-27T22:08:07Z,2020-11-27T22:08:36Z,after,732267627
2020-11-27T21:47:01Z,2020-11-27T22:08:35Z,after,732267627
2020-11-27T21:20:42Z,2020-11-27T22:08:35Z,after,732267627
2020-11-27T21:19:01Z,2020-11-27T22:08:35Z,after,732267627
2020-11-27T19:38:08Z,2020-11-27T19:40:39Z,after,732267627
2020-11-27T17:48:58Z,2020-11-27T18:03:40Z,after,732267627
2020-11-27T17:42:59Z,2020-11-27T17:43:12Z,after,732267627
2020-11-27T17:03:21Z,2020-11-27T17:03:21Z,after,732267627
2020-11-27T16:46:37Z,2020-11-27T16:46:43Z,after,732267627
2020-11-27T16:21:06Z,2020-11-27T16:22:19Z,after,732267627
2020-11-27T16:15:30Z,2020-11-27T16:15:30Z,after,732267627
2020-11-27T14:06:49Z,2020-11-27T14:06:49Z,after,732267627
2020-11-27T13:07:14Z,2020-11-27T13:07:45Z,after,732267627
2020-11-27T04:41:09Z,2020-11-27T04:41:09Z,after,732267627
2020-11-27T03:40:24Z,2020-11-27T03:40:24Z,after,732267627
2020-11-27T03:31:37Z,2020-11-27T03:31:37Z,after,732267627
2020-11-27T00:20:38Z,2020-11-27T00:20:38Z,after,732267627
2020-11-27T00:11:16Z,2020-11-27T00:11:16Z,after,732267627
2020-11-26T23:10:01Z,2020-11-26T23:10:01Z,after,732267627
2020-11-26T22:41:17Z,2020-11-26T22:41:17Z,after,732267627
2020-11-26T21:30:59Z,2020-11-26T21:30:59Z,after,732267627
2020-11-26T21:28:36Z,2020-11-26T21:28:36Z,after,732267627
2020-11-26T21:28:14Z,2020-11-26T21:28:14Z,after,732267627
2020-11-26T21:08:05Z,2020-11-26T21:08:05Z,after,732267627
2020-11-26T20:54:42Z,2020-11-26T20:54:42Z,after,732267627
2020-11-26T20:39:14Z,2020-11-26T20:53:03Z,after,732267627
2020-11-26T20:26:20Z,2020-11-26T20:52:59Z,after,732267627
2020-11-26T19:57:46Z,2020-11-26T19:57:46Z,after,732267627
2020-11-26T19:57:30Z,2020-11-26T19:57:30Z,after,732267627
2020-11-26T19:07:25Z,2020-11-26T19:07:25Z,after,732267627
2020-11-26T17:32:42Z,2020-11-26T17:32:47Z,after,732267627
2020-11-26T17:18:36Z,2020-11-26T17:25:31Z,after,732267627
2020-11-26T17:16:46Z,2020-11-26T17:18:51Z,after,732267627
2020-11-26T16:57:48Z,2020-11-26T17:18:51Z,after,732267627
2020-11-26T16:09:30Z,2020-11-26T17:18:44Z,after,732267627
2020-11-26T14:38:54Z,2020-11-26T17:18:44Z,after,732267627
2020-11-26T14:07:26Z,2020-11-26T17:18:44Z,after,732267627
2020-11-26T13:44:21Z,2020-11-26T17:18:44Z,after,732267627
2020-11-26T13:27:26Z,2020-11-26T17:18:43Z,after,732267627
2020-11-26T04:10:53Z,2020-11-26T17:18:43Z,after,732267627
2020-11-26T02:55:57Z,2020-11-26T17:18:43Z,after,732267627
2020-11-26T02:55:46Z,2020-11-26T17:18:43Z,after,732267627
2020-11-26T02:55:35Z,2020-11-26T17:18:42Z,after,732267627
2020-11-26T02:54:54Z,2020-11-26T17:18:42Z,after,732267627
2020-11-26T01:40:53Z,2020-11-26T17:18:42Z,after,732267627
2020-11-25T23:04:04Z,2020-11-26T17:18:42Z,after,732267627
2020-11-25T21:29:43Z,2020-11-26T17:18:42Z,after,732267627
2020-11-25T21:23:22Z,2020-11-26T17:18:41Z,after,732267627
2020-11-25T21:10:00Z,2020-11-26T17:18:41Z,after,732267627
2020-11-25T21:37:52Z,2020-11-26T17:18:41Z,after,732267627
2020-11-25T21:13:20Z,2020-11-26T17:18:41Z,after,732267627
2020-11-25T20:34:26Z,2020-11-26T17:18:41Z,after,732267627
2020-11-25T19:35:17Z,2020-11-26T17:18:40Z,after,732267627
2020-11-25T18:38:51Z,2020-11-26T17:18:40Z,after,732267627
2020-11-25T17:57:56Z,2020-11-26T17:18:40Z,after,732267627
2020-11-25T17:41:49Z,2020-11-26T17:18:40Z,after,732267627
2020-11-25T17:38:28Z,2020-11-26T17:18:40Z,after,732267627
2020-11-25T15:25:33Z,2020-11-26T17:18:39Z,after,732267627
2020-11-25T14:49:39Z,2020-11-26T17:18:39Z,after,732267627
2020-11-25T14:14:26Z,2020-11-26T17:18:39Z,after,732267627
2020-11-25T14:14:03Z,2020-11-26T17:18:39Z,after,732267627
2020-11-25T13:46:06Z,2020-11-26T17:18:38Z,after,732267627
2020-11-24T20:24:35Z,2020-11-26T17:18:38Z,after,732267627
2020-11-24T20:08:25Z,2020-11-26T17:18:38Z,after,732267627
2020-11-24T18:06:16Z,2020-11-26T17:18:38Z,after,732267627
2020-11-24T16:50:28Z,2020-11-26T17:18:38Z,after,732267627
2020-11-24T16:48:46Z,2020-11-26T17:18:37Z,after,732267627
2020-11-24T16:14:11Z,2020-11-26T17:18:37Z,after,732267627
2020-11-24T15:23:38Z,2020-11-26T17:18:37Z,after,732267627
2020-11-24T15:19:18Z,2020-11-26T17:18:37Z,after,732267627
2020-11-24T15:19:01Z,2020-11-26T17:18:37Z,after,732267627
2020-11-24T15:18:40Z,2020-11-26T17:18:36Z,after,732267627
2020-11-24T15:17:32Z,2020-11-26T17:18:36Z,after,732267627
2020-11-24T15:16:23Z,2020-11-26T17:18:36Z,after,732267627
2020-11-24T15:15:11Z,2020-11-26T17:18:36Z,after,732267627
2020-11-24T15:14:48Z,2020-11-26T17:18:36Z,after,732267627
2020-11-24T15:14:23Z,2020-11-26T17:18:35Z,after,732267627
2020-11-23T22:06:17Z,2020-11-26T17:18:35Z,after,732267627
2020-11-23T19:57:33Z,2020-11-26T17:18:35Z,after,732267627
2020-11-23T18:18:05Z,2020-11-26T17:18:35Z,after,732267627
2020-11-22T20:31:49Z,2020-11-26T17:18:34Z,after,732267627
2020-11-21T01:14:51Z,2020-11-26T17:18:34Z,after,732267627
2020-11-20T20:06:24Z,2020-11-26T17:18:34Z,after,732267627
2020-11-20T02:02:54Z,2020-11-26T17:18:34Z,after,732267627
2020-11-20T02:02:30Z,2020-11-26T17:18:33Z,after,732267627
2020-11-20T02:02:12Z,2020-11-26T17:18:33Z,after,732267627
2020-11-20T01:34:53Z,2020-11-26T17:18:33Z,after,732267627
2020-11-20T00:17:58Z,2020-11-26T17:18:33Z,after,732267627
2020-11-19T23:15:16Z,2020-11-26T17:18:33Z,after,732267627
2020-11-19T23:08:47Z,2020-11-26T17:18:32Z,after,732267627
2020-11-19T22:35:42Z,2020-11-26T17:18:32Z,after,732267627
2020-11-19T22:35:33Z,2020-11-26T17:18:32Z,after,732267627
2020-11-19T22:35:00Z,2020-11-26T17:18:32Z,after,732267627
2020-11-19T22:34:35Z,2020-11-26T17:18:32Z,after,732267627
2020-11-19T22:34:07Z,2020-11-26T17:18:31Z,after,732267627
2020-11-19T22:33:19Z,2020-11-26T17:18:31Z,after,732267627
2020-11-19T22:33:08Z,2020-11-26T17:18:31Z,after,732267627
2020-11-19T22:32:33Z,2020-11-26T17:18:31Z,after,732267627
2020-11-19T22:32:08Z,2020-11-26T17:18:31Z,after,732267627
2020-11-19T22:30:59Z,2020-11-26T17:18:30Z,after,732267627
2020-11-19T16:05:12Z,2020-11-26T17:18:30Z,after,732267627
2020-11-18T20:14:00Z,2020-11-26T17:18:30Z,after,732267627
2020-11-26T16:51:26Z,2020-11-26T16:51:26Z,after,732267627
2020-11-26T14:23:39Z,2020-11-26T14:24:18Z,after,732267627
2020-11-25T07:19:39Z,2020-11-25T16:00:38Z,after,732267627
2020-11-24T21:19:29Z,2020-11-24T21:19:29Z,after,732267627
2020-11-23T16:01:12Z,2020-11-24T15:46:41Z,after,732267627
2020-11-24T01:27:57Z,2020-11-24T13:31:42Z,after,732267627
2020-11-24T02:20:49Z,2020-11-24T02:20:49Z,after,732267627
2020-11-23T21:50:32Z,2020-11-23T21:52:34Z,after,732267627
2020-11-23T21:16:57Z,2020-11-23T21:17:15Z,after,732267627
2020-11-20T22:25:41Z,2020-11-23T21:17:15Z,after,732267627
2020-11-23T21:04:20Z,2020-11-23T21:17:15Z,after,732267627
2020-11-23T21:00:22Z,2020-11-23T21:17:14Z,after,732267627
2020-11-21T16:16:00Z,2020-11-21T16:16:00Z,after,732267627
2020-11-21T16:12:20Z,2020-11-21T16:12:20Z,after,732267627
2020-11-20T21:35:04Z,2020-11-20T22:23:59Z,after,732267627
2020-11-19T19:27:27Z,2020-11-19T19:27:27Z,after,732267627
2020-11-19T15:23:55Z,2020-11-19T15:24:02Z,after,732267627
2020-11-19T14:55:09Z,2020-11-19T14:55:24Z,after,732267627
2020-11-19T03:13:45Z,2020-11-19T03:13:45Z,after,732267627
2020-11-19T00:07:33Z,2020-11-19T00:07:33Z,after,732267627
2020-11-18T23:45:39Z,2020-11-18T23:45:59Z,after,732267627
2020-11-18T20:06:19Z,2020-11-18T20:06:19Z,after,732267627
2020-11-18T19:28:06Z,2020-11-18T19:28:20Z,after,732267627
2020-11-18T19:13:59Z,2020-11-18T19:13:59Z,after,732267627
2020-11-18T18:47:08Z,2020-11-18T18:47:08Z,after,732267627
2020-11-18T18:25:40Z,2020-11-18T18:27:34Z,after,732267627
2020-11-18T18:22:29Z,2020-11-18T18:22:29Z,after,732267627
2020-11-18T18:13:57Z,2020-11-18T18:18:44Z,after,732267627
2020-11-18T18:11:41Z,2020-11-18T18:18:41Z,after,732267627
2020-11-18T18:10:53Z,2020-11-18T18:15:11Z,after,732267627
2020-11-18T18:05:05Z,2020-11-18T18:05:05Z,after,732267627
2020-11-18T18:02:31Z,2020-11-18T18:02:50Z,after,732267627
2020-11-18T17:42:47Z,2020-11-18T17:43:17Z,after,732267627
2020-11-18T17:41:28Z,2020-11-18T17:43:17Z,after,732267627
2020-11-18T17:28:39Z,2020-11-18T17:32:56Z,after,732267627
2020-11-18T16:51:25Z,2020-11-18T16:51:40Z,after,732267627
2020-11-17T20:55:38Z,2020-11-18T16:51:40Z,after,732267627
2020-11-18T14:28:54Z,2020-11-18T14:28:54Z,after,732267627
2020-11-18T01:25:38Z,2020-11-18T01:25:38Z,after,732267627
2020-11-18T01:19:30Z,2020-11-18T01:19:30Z,after,732267627
2020-11-18T00:31:23Z,2020-11-18T00:31:23Z,after,732267627
2020-11-18T00:31:07Z,2020-11-18T00:31:13Z,after,732267627
2020-11-17T22:19:40Z,2020-11-17T22:19:40Z,after,732267627
2020-11-17T21:03:38Z,2020-11-17T22:11:25Z,after,732267627
2020-11-17T20:10:27Z,2020-11-17T22:09:15Z,after,732267627
2020-11-17T20:37:40Z,2020-11-17T20:37:40Z,after,732267627
2020-11-17T20:37:22Z,2020-11-17T20:37:22Z,after,732267627
2020-11-15T15:11:44Z,2020-11-17T20:22:53Z,after,732267627
2020-11-17T19:37:34Z,2020-11-17T19:37:34Z,after,732267627
2020-11-17T19:31:28Z,2020-11-17T19:31:37Z,after,732267627
2020-11-17T19:30:47Z,2020-11-17T19:31:37Z,after,732267627
2020-11-17T18:56:33Z,2020-11-17T18:56:33Z,after,732267627
2020-11-17T01:49:20Z,2020-11-17T01:49:20Z,after,732267627
2020-11-16T17:04:14Z,2020-11-16T17:04:14Z,after,732267627
2020-11-16T14:50:17Z,2020-11-16T14:50:17Z,after,732267627
2020-11-15T18:06:19Z,2020-11-15T18:06:19Z,after,732267627
2020-11-15T17:58:59Z,2020-11-15T17:58:59Z,after,732267627
2020-11-15T16:57:06Z,2020-11-15T16:57:06Z,after,732267627
2020-11-15T16:49:00Z,2020-11-15T16:49:00Z,after,732267627
2020-11-15T16:13:58Z,2020-11-15T16:13:58Z,after,732267627
2020-11-15T16:09:17Z,2020-11-15T16:09:17Z,after,732267627
2020-11-15T16:08:08Z,2020-11-15T16:08:08Z,after,732267627
2020-11-15T16:02:29Z,2020-11-15T16:02:29Z,after,732267627
2020-11-15T15:55:38Z,2020-11-15T15:55:38Z,after,732267627
2020-11-15T15:53:30Z,2020-11-15T15:53:30Z,after,732267627
2020-11-15T15:53:15Z,2020-11-15T15:53:15Z,after,732267627
2020-11-15T15:43:27Z,2020-11-15T15:43:27Z,after,732267627
2020-11-15T15:43:16Z,2020-11-15T15:43:16Z,after,732267627
2020-11-15T15:42:05Z,2020-11-15T15:42:05Z,after,732267627
2020-11-14T20:41:05Z,2020-11-14T20:41:05Z,after,732267627
2020-11-14T19:50:06Z,2020-11-14T19:50:06Z,after,732267627
2020-11-14T19:32:25Z,2020-11-14T19:42:56Z,after,732267627
2020-11-14T17:46:10Z,2020-11-14T17:46:10Z,after,732267627
2020-11-14T17:32:28Z,2020-11-14T17:32:28Z,after,732267627
2020-11-14T14:40:06Z,2020-11-14T14:40:06Z,after,732267627
2020-11-14T13:49:52Z,2020-11-14T13:49:52Z,after,732267627
2020-11-14T13:24:12Z,2020-11-14T13:24:12Z,after,732267627
2020-11-14T13:12:06Z,2020-11-14T13:12:24Z,after,732267627
2020-11-14T13:08:16Z,2020-11-14T13:12:23Z,after,732267627
2020-11-14T13:05:15Z,2020-11-14T13:12:23Z,after,732267627
2020-11-14T13:04:19Z,2020-11-14T13:12:23Z,after,732267627
2020-11-14T00:59:57Z,2020-11-14T00:59:57Z,after,732267627
2020-11-14T00:57:08Z,2020-11-14T00:57:28Z,after,732267627
2020-11-14T00:45:57Z,2020-11-14T00:45:57Z,after,732267627
2020-11-14T00:29:04Z,2020-11-14T00:29:04Z,after,732267627
2020-11-13T23:38:01Z,2020-11-13T23:38:01Z,after,732267627
2020-11-13T22:59:45Z,2020-11-13T22:59:45Z,after,732267627
2020-11-13T22:59:27Z,2020-11-13T22:59:27Z,after,732267627
2020-11-13T22:20:51Z,2020-11-13T22:20:51Z,after,732267627
2020-11-13T22:12:56Z,2020-11-13T22:12:56Z,after,732267627
2020-11-13T22:12:49Z,2020-11-13T22:12:49Z,after,732267627
2020-11-13T22:12:09Z,2020-11-13T22:12:09Z,after,732267627
2020-11-13T22:12:01Z,2020-11-13T22:12:01Z,after,732267627
2020-11-13T22:09:07Z,2020-11-13T22:09:07Z,after,732267627
2020-11-13T22:06:59Z,2020-11-13T22:07:08Z,after,732267627
2020-11-13T21:00:56Z,2020-11-13T21:01:06Z,after,732267627
2020-11-13T19:39:28Z,2020-11-13T19:39:32Z,after,732267627
2020-11-13T18:09:44Z,2020-11-13T18:55:35Z,after,732267627
2020-11-13T17:50:44Z,2020-11-13T18:55:35Z,after,732267627
2020-11-13T17:38:24Z,2020-11-13T18:55:34Z,after,732267627
2020-11-13T16:07:46Z,2020-11-13T18:55:34Z,after,732267627
2020-11-13T16:05:12Z,2020-11-13T18:55:33Z,after,732267627
2020-11-13T16:01:19Z,2020-11-13T18:55:33Z,after,732267627
2020-11-12T20:46:07Z,2020-11-13T18:55:32Z,after,732267627
2020-11-12T20:38:15Z,2020-11-13T18:55:32Z,after,732267627
2020-11-12T20:27:20Z,2020-11-13T18:55:32Z,after,732267627
2020-11-12T20:23:16Z,2020-11-13T18:55:31Z,after,732267627
2020-11-12T20:17:25Z,2020-11-13T18:55:31Z,after,732267627
2020-11-13T18:39:10Z,2020-11-13T18:39:10Z,after,732267627
2020-11-13T18:13:46Z,2020-11-13T18:13:46Z,after,732267627
2020-11-13T18:10:37Z,2020-11-13T18:10:37Z,after,732267627
2020-11-13T17:44:05Z,2020-11-13T18:01:08Z,after,732267627
2020-11-13T16:15:01Z,2020-11-13T16:40:50Z,after,732267627
2020-11-13T15:31:41Z,2020-11-13T15:31:41Z,after,732267627
2020-11-13T15:27:26Z,2020-11-13T15:27:26Z,after,732267627
2020-11-13T15:22:18Z,2020-11-13T15:22:18Z,after,732267627
2020-11-13T00:22:30Z,2020-11-13T00:22:30Z,after,732267627
2020-11-13T00:16:19Z,2020-11-13T00:16:19Z,after,732267627
2020-11-13T00:09:35Z,2020-11-13T00:09:35Z,after,732267627
2020-11-13T00:08:06Z,2020-11-13T00:08:06Z,after,732267627
2020-11-12T23:29:00Z,2020-11-12T23:29:00Z,after,732267627
2020-11-12T23:25:54Z,2020-11-12T23:25:54Z,after,732267627
2020-11-12T23:17:01Z,2020-11-12T23:17:01Z,after,732267627
2020-11-12T22:46:02Z,2020-11-12T22:46:02Z,after,732267627
2020-11-12T22:43:00Z,2020-11-12T22:43:00Z,after,732267627
2020-11-12T22:36:31Z,2020-11-12T22:36:31Z,after,732267627
2020-11-12T20:25:57Z,2020-11-12T20:25:57Z,after,732267627
2020-11-12T20:23:55Z,2020-11-12T20:24:10Z,after,732267627
2020-11-12T20:21:11Z,2020-11-12T20:21:11Z,after,732267627
2020-11-12T20:20:37Z,2020-11-12T20:20:37Z,after,732267627
2020-11-12T20:14:11Z,2020-11-12T20:14:11Z,after,732267627
2020-11-12T20:09:54Z,2020-11-12T20:09:54Z,after,732267627
2020-11-12T20:08:05Z,2020-11-12T20:08:05Z,after,732267627
2020-11-12T20:04:46Z,2020-11-12T20:05:08Z,after,732267627
2020-11-12T19:57:53Z,2020-11-12T19:57:53Z,after,732267627
2020-11-12T19:54:40Z,2020-11-12T19:54:59Z,after,732267627
2020-11-12T19:36:13Z,2020-11-12T19:36:13Z,after,732267627
2020-11-12T19:31:28Z,2020-11-12T19:31:28Z,after,732267627
2020-11-12T19:30:47Z,2020-11-12T19:30:47Z,after,732267627
2020-11-12T17:51:13Z,2020-11-12T17:51:21Z,after,732267627
2020-11-12T17:50:41Z,2020-11-12T17:51:20Z,after,732267627
2020-11-12T17:23:32Z,2020-11-12T17:23:32Z,after,732267627
2020-11-12T16:52:09Z,2020-11-12T16:52:23Z,after,732267627
2020-11-12T16:38:08Z,2020-11-12T16:40:15Z,after,732267627
2020-11-12T16:36:30Z,2020-11-12T16:40:14Z,after,732267627
2020-11-12T16:33:03Z,2020-11-12T16:40:14Z,after,732267627
2020-11-12T15:16:32Z,2020-11-12T16:40:13Z,after,732267627
2020-11-12T15:06:50Z,2020-11-12T16:40:13Z,after,732267627
2020-11-12T15:06:03Z,2020-11-12T16:40:13Z,after,732267627
2020-11-12T13:17:12Z,2020-11-12T16:40:12Z,after,732267627
2020-11-12T01:55:06Z,2020-11-12T01:55:06Z,after,732267627
2020-11-12T01:39:47Z,2020-11-12T01:39:52Z,after,732267627
2020-11-12T01:29:41Z,2020-11-12T01:39:52Z,after,732267627
2020-11-12T01:09:45Z,2020-11-12T01:09:45Z,after,732267627
2020-11-11T23:24:11Z,2020-11-11T23:24:11Z,after,732267627
2020-11-11T21:59:13Z,2020-11-11T21:59:13Z,after,732267627
2020-11-11T21:52:21Z,2020-11-11T21:52:21Z,after,732267627
2020-11-11T21:49:33Z,2020-11-11T21:49:33Z,after,732267627
2020-11-11T21:49:06Z,2020-11-11T21:49:06Z,after,732267627
2020-11-11T21:47:32Z,2020-11-11T21:47:32Z,after,732267627
2020-11-11T21:39:29Z,2020-11-11T21:39:29Z,after,732267627
2020-11-11T21:39:00Z,2020-11-11T21:39:00Z,after,732267627
2020-11-11T21:33:30Z,2020-11-11T21:33:30Z,after,732267627
2020-11-11T21:19:31Z,2020-11-11T21:19:37Z,after,732267627
2020-11-11T18:18:40Z,2020-11-11T20:42:34Z,after,732267627
2020-11-11T18:10:54Z,2020-11-11T20:42:33Z,after,732267627
2020-11-11T18:01:34Z,2020-11-11T20:42:33Z,after,732267627
2020-11-11T17:59:56Z,2020-11-11T20:42:32Z,after,732267627
2020-11-11T17:58:54Z,2020-11-11T20:42:32Z,after,732267627
2020-11-11T17:57:16Z,2020-11-11T20:42:31Z,after,732267627
2020-11-11T16:35:22Z,2020-11-11T20:42:30Z,after,732267627
2020-11-11T20:41:57Z,2020-11-11T20:41:57Z,after,732267627
2020-11-11T17:13:25Z,2020-11-11T17:13:25Z,after,732267627
2020-11-11T17:00:25Z,2020-11-11T17:00:25Z,after,732267627
2020-11-11T16:43:16Z,2020-11-11T16:43:16Z,after,732267627
2020-11-11T16:09:01Z,2020-11-11T16:17:03Z,after,732267627
2020-11-11T15:48:40Z,2020-11-11T15:48:40Z,after,732267627
2020-11-11T13:35:48Z,2020-11-11T13:35:48Z,after,732267627
2020-11-11T13:35:00Z,2020-11-11T13:35:00Z,after,732267627
2020-11-11T13:13:58Z,2020-11-11T13:13:58Z,after,732267627
2020-11-11T01:58:47Z,2020-11-11T06:24:47Z,after,732267627
2020-11-11T04:44:43Z,2020-11-11T04:49:46Z,after,732267627
2020-11-11T01:50:31Z,2020-11-11T01:59:36Z,after,732267627
2020-11-10T23:29:11Z,2020-11-10T23:29:11Z,after,732267627
2020-11-10T21:43:05Z,2020-11-10T21:43:05Z,after,732267627
2020-11-10T21:16:18Z,2020-11-10T21:16:55Z,after,732267627
2020-11-10T21:07:24Z,2020-11-10T21:07:49Z,after,732267627
2020-11-10T21:05:36Z,2020-11-10T21:05:36Z,after,732267627
2020-11-10T20:56:04Z,2020-11-10T20:56:04Z,after,732267627
2020-11-10T20:32:53Z,2020-11-10T20:35:51Z,after,732267627
2020-11-10T18:59:44Z,2020-11-10T19:51:45Z,after,732267627
2020-11-10T19:51:23Z,2020-11-10T19:51:23Z,after,732267627
2020-11-10T19:45:30Z,2020-11-10T19:45:30Z,after,732267627
2020-11-10T19:31:42Z,2020-11-10T19:31:42Z,after,732267627
2020-11-10T19:30:16Z,2020-11-10T19:30:16Z,after,732267627
2020-11-10T19:27:07Z,2020-11-10T19:27:07Z,after,732267627
2020-11-10T19:18:27Z,2020-11-10T19:18:27Z,after,732267627
2020-11-10T18:46:32Z,2020-11-10T18:56:19Z,after,732267627
2020-11-10T18:45:22Z,2020-11-10T18:56:18Z,after,732267627
2020-11-10T13:33:23Z,2020-11-10T18:56:18Z,after,732267627
2020-11-10T18:55:27Z,2020-11-10T18:55:33Z,after,732267627
2020-11-10T16:41:42Z,2020-11-10T16:41:42Z,after,732267627
2020-11-10T16:36:44Z,2020-11-10T16:36:44Z,after,732267627
2020-11-10T16:36:09Z,2020-11-10T16:36:09Z,after,732267627
2020-06-23T19:00:22Z,2020-11-10T16:15:27Z,after,732267627
2020-11-10T14:56:33Z,2020-11-10T14:56:33Z,after,732267627
2020-11-10T14:56:17Z,2020-11-10T14:56:17Z,after,732267627
2020-11-10T14:54:39Z,2020-11-10T14:54:39Z,after,732267627
2020-11-10T14:53:55Z,2020-11-10T14:53:55Z,after,732267627
2020-11-10T03:19:53Z,2020-11-10T03:19:53Z,after,732267627
2020-11-09T17:57:05Z,2020-11-09T17:57:05Z,after,732267627
2020-11-09T17:20:23Z,2020-11-09T17:20:31Z,after,732267627
2020-11-09T17:05:24Z,2020-11-09T17:05:24Z,after,732267627
2020-11-09T16:22:08Z,2020-11-09T16:26:51Z,after,732267627
2020-11-09T16:24:35Z,2020-11-09T16:26:40Z,after,732267627
2020-11-09T16:22:41Z,2020-11-09T16:26:40Z,after,732267627
2020-11-09T15:20:53Z,2020-11-09T16:26:35Z,after,732267627
2020-11-09T15:17:53Z,2020-11-09T16:26:34Z,after,732267627
2020-11-09T15:14:17Z,2020-11-09T16:26:34Z,after,732267627
2020-11-09T15:12:24Z,2020-11-09T16:24:52Z,after,732267627
2020-11-09T14:55:00Z,2020-11-09T14:55:40Z,after,732267627
2020-11-09T13:49:26Z,2020-11-09T13:49:26Z,after,732267627
2020-11-09T13:43:40Z,2020-11-09T13:43:40Z,after,732267627
2020-11-09T13:16:43Z,2020-11-09T13:23:25Z,after,732267627
2020-11-09T11:08:47Z,2020-11-09T13:21:17Z,after,732267627
2020-11-09T11:02:57Z,2020-11-09T13:21:17Z,after,732267627
2020-11-09T10:44:20Z,2020-11-09T13:21:17Z,after,732267627
2020-11-09T10:41:56Z,2020-11-09T13:21:17Z,after,732267627
2020-11-09T10:31:24Z,2020-11-09T13:21:17Z,after,732267627
2020-11-09T10:03:40Z,2020-11-09T13:21:17Z,after,732267627
2020-11-09T09:57:37Z,2020-11-09T13:21:17Z,after,732267627
2020-11-09T09:51:15Z,2020-11-09T13:21:17Z,after,732267627
2020-11-09T09:42:55Z,2020-11-09T13:21:17Z,after,732267627
2020-11-09T09:32:45Z,2020-11-09T13:21:17Z,after,732267627
2020-11-06T19:35:46Z,2020-11-09T13:21:17Z,after,732267627
2020-11-09T13:19:14Z,2020-11-09T13:19:14Z,after,732267627
2020-11-08T15:27:43Z,2020-11-08T15:42:07Z,after,732267627
2020-11-08T14:55:03Z,2020-11-08T14:55:03Z,after,732267627
2020-11-08T12:47:16Z,2020-11-08T13:16:51Z,after,732267627
2020-11-08T02:54:26Z,2020-11-08T02:58:48Z,after,732267627
2020-11-07T19:24:26Z,2020-11-08T02:52:13Z,after,732267627
2020-11-08T01:42:36Z,2020-11-08T01:42:36Z,after,732267627
2020-11-07T19:13:33Z,2020-11-07T19:13:33Z,after,732267627
2020-11-07T18:28:43Z,2020-11-07T18:28:43Z,after,732267627
2020-11-07T18:04:00Z,2020-11-07T18:05:58Z,after,732267627
2020-11-07T17:52:41Z,2020-11-07T18:05:58Z,after,732267627
2020-11-07T05:14:02Z,2020-11-07T18:05:58Z,after,732267627
2020-11-06T21:23:50Z,2020-11-06T21:23:50Z,after,732267627
2020-11-06T20:54:21Z,2020-11-06T21:17:07Z,after,732267627
2020-11-06T20:51:03Z,2020-11-06T20:51:03Z,after,732267627
2020-11-06T19:44:25Z,2020-11-06T19:44:25Z,after,732267627
2020-11-06T19:31:05Z,2020-11-06T19:32:22Z,after,732267627
2020-11-06T19:30:04Z,2020-11-06T19:32:21Z,after,732267627
2020-11-06T19:29:10Z,2020-11-06T19:32:21Z,after,732267627
2020-11-06T18:50:30Z,2020-11-06T19:32:20Z,after,732267627
2020-11-06T18:24:18Z,2020-11-06T19:32:20Z,after,732267627
2020-11-06T18:24:03Z,2020-11-06T19:32:19Z,after,732267627
2020-11-06T18:12:22Z,2020-11-06T19:32:19Z,after,732267627
2020-11-06T19:19:00Z,2020-11-06T19:19:00Z,after,732267627
2020-11-06T19:16:03Z,2020-11-06T19:16:03Z,after,732267627
2020-11-06T17:58:08Z,2020-11-06T17:58:08Z,after,732267627
2020-11-06T17:52:23Z,2020-11-06T17:52:30Z,after,732267627
2020-11-06T17:39:18Z,2020-11-06T17:52:30Z,after,732267627
2020-11-06T17:39:48Z,2020-11-06T17:40:22Z,after,732267627
2020-11-06T17:39:29Z,2020-11-06T17:40:22Z,after,732267627
2020-11-06T17:34:47Z,2020-11-06T17:34:47Z,after,732267627
2020-11-06T17:28:40Z,2020-11-06T17:28:40Z,after,732267627
2020-11-06T17:01:13Z,2020-11-06T17:01:26Z,after,732267627
2020-11-06T16:56:48Z,2020-11-06T16:56:48Z,after,732267627
2020-11-06T16:32:59Z,2020-11-06T16:33:06Z,after,732267627
2020-11-06T16:01:28Z,2020-11-06T16:33:06Z,after,732267627
2020-11-06T16:01:13Z,2020-11-06T16:33:06Z,after,732267627
2020-11-06T16:00:17Z,2020-11-06T16:04:09Z,after,732267627
2020-11-06T14:38:12Z,2020-11-06T14:38:12Z,after,732267627
2020-11-06T12:52:11Z,2020-11-06T12:52:11Z,after,732267627
2020-11-06T12:51:20Z,2020-11-06T12:51:20Z,after,732267627
2020-11-06T04:19:42Z,2020-11-06T04:19:42Z,after,732267627
2020-11-06T02:44:38Z,2020-11-06T02:44:38Z,after,732267627
2020-11-06T02:32:10Z,2020-11-06T02:32:10Z,after,732267627
2020-11-06T02:20:03Z,2020-11-06T02:20:03Z,after,732267627
2020-11-06T02:15:17Z,2020-11-06T02:15:17Z,after,732267627
2020-11-06T01:54:03Z,2020-11-06T01:54:03Z,after,732267627
2020-11-06T01:35:30Z,2020-11-06T01:35:30Z,after,732267627
2020-11-06T01:31:39Z,2020-11-06T01:31:39Z,after,732267627
2020-11-06T01:30:06Z,2020-11-06T01:30:06Z,after,732267627
2020-11-06T01:27:32Z,2020-11-06T01:27:40Z,after,732267627
2020-11-06T01:04:31Z,2020-11-06T01:27:40Z,after,732267627
2020-11-06T01:00:17Z,2020-11-06T01:00:17Z,after,732267627
2020-11-06T00:54:04Z,2020-11-06T00:54:04Z,after,732267627
2020-11-06T00:41:21Z,2020-11-06T00:41:21Z,after,732267627
2020-11-06T00:38:53Z,2020-11-06T00:38:59Z,after,732267627
2020-11-05T23:49:03Z,2020-11-05T23:49:03Z,after,732267627
2020-11-05T20:45:57Z,2020-11-05T20:45:57Z,after,732267627
2020-11-05T20:37:22Z,2020-11-05T20:37:22Z,after,732267627
2020-11-05T20:31:16Z,2020-11-05T20:31:16Z,after,732267627
2020-11-05T20:19:59Z,2020-11-05T20:20:19Z,after,732267627
2020-11-05T19:33:37Z,2020-11-05T19:33:45Z,after,732267627
2020-11-05T19:33:01Z,2020-11-05T19:33:45Z,after,732267627
2020-11-05T18:44:40Z,2020-11-05T19:33:45Z,after,732267627
2020-11-05T18:06:47Z,2020-11-05T19:33:45Z,after,732267627
2020-11-05T17:08:23Z,2020-11-05T17:08:23Z,after,732267627
2020-11-05T16:41:38Z,2020-11-05T17:06:20Z,after,732267627
2020-11-05T16:35:10Z,2020-11-05T16:35:10Z,after,732267627
2020-11-05T15:05:31Z,2020-11-05T15:47:04Z,after,732267627
2020-11-05T14:57:44Z,2020-11-05T15:47:04Z,after,732267627
2020-11-04T20:07:08Z,2020-11-05T15:47:03Z,after,732267627
2020-11-04T20:04:27Z,2020-11-05T15:47:03Z,after,732267627
2020-11-03T18:19:37Z,2020-11-05T15:47:02Z,after,732267627
2020-11-03T18:18:03Z,2020-11-05T15:47:02Z,after,732267627
2020-11-03T17:52:01Z,2020-11-05T15:47:01Z,after,732267627
2020-11-03T17:39:41Z,2020-11-05T15:47:01Z,after,732267627
2020-11-03T17:22:18Z,2020-11-05T15:47:00Z,after,732267627
2020-11-05T14:34:53Z,2020-11-05T14:34:53Z,after,732267627
2020-11-05T14:34:39Z,2020-11-05T14:34:39Z,after,732267627
2020-11-05T14:21:38Z,2020-11-05T14:21:38Z,after,732267627
2020-11-04T22:55:51Z,2020-11-04T22:58:53Z,after,732267627
2020-11-04T22:39:58Z,2020-11-04T22:58:52Z,after,732267627
2020-11-04T22:12:52Z,2020-11-04T22:12:52Z,after,732267627
2020-11-04T22:12:29Z,2020-11-04T22:12:29Z,after,732267627
2020-11-04T22:08:51Z,2020-11-04T22:08:51Z,after,732267627
2020-11-04T22:07:33Z,2020-11-04T22:07:33Z,after,732267627
2020-11-04T22:06:14Z,2020-11-04T22:06:14Z,after,732267627
2020-11-04T22:04:31Z,2020-11-04T22:04:31Z,after,732267627
2020-11-04T22:02:53Z,2020-11-04T22:02:53Z,after,732267627
2020-11-03T22:56:50Z,2020-11-03T22:56:50Z,after,732267627
2020-11-03T22:31:52Z,2020-11-03T22:50:51Z,after,732267627
2020-11-03T22:31:44Z,2020-11-03T22:50:50Z,after,732267627
2020-11-03T22:30:35Z,2020-11-03T22:34:22Z,after,732267627
2020-11-03T22:03:38Z,2020-11-03T22:03:38Z,after,732267627
2020-11-03T22:01:58Z,2020-11-03T22:01:58Z,after,732267627
2020-11-03T21:54:15Z,2020-11-03T21:54:15Z,after,732267627
2020-11-03T21:33:00Z,2020-11-03T21:33:00Z,after,732267627
2020-11-03T20:16:40Z,2020-11-03T20:16:40Z,after,732267627
2020-11-03T19:52:39Z,2020-11-03T19:52:39Z,after,732267627
2020-11-03T19:44:37Z,2020-11-03T19:44:37Z,after,732267627
2020-11-03T19:15:57Z,2020-11-03T19:15:57Z,after,732267627
2020-11-03T19:12:00Z,2020-11-03T19:12:00Z,after,732267627
2020-11-03T18:38:00Z,2020-11-03T18:38:00Z,after,732267627
2020-11-03T18:30:12Z,2020-11-03T18:30:17Z,after,732267627
2020-11-03T16:11:04Z,2020-11-03T16:11:04Z,after,732267627
2020-11-03T15:37:28Z,2020-11-03T15:37:54Z,after,732267627
2020-11-03T15:08:19Z,2020-11-03T15:08:19Z,after,732267627
2020-11-03T15:06:36Z,2020-11-03T15:07:16Z,after,732267627
2020-11-02T01:50:42Z,2020-11-03T15:07:16Z,after,732267627
2020-11-03T14:57:56Z,2020-11-03T14:57:56Z,after,732267627
2020-11-03T13:27:44Z,2020-11-03T13:27:44Z,after,732267627
2020-11-03T13:19:04Z,2020-11-03T13:19:15Z,after,732267627
2020-11-03T13:18:50Z,2020-11-03T13:18:50Z,after,732267627
2020-08-28T16:40:03Z,2020-11-03T13:15:55Z,after,732267627
2020-10-27T13:00:12Z,2020-11-03T13:10:31Z,after,732267627
2020-10-24T01:04:16Z,2020-11-03T13:09:35Z,after,732267627
2020-10-21T16:08:08Z,2020-11-03T13:09:11Z,after,732267627
2020-10-20T14:45:00Z,2020-11-03T13:09:02Z,after,732267627
2020-10-29T22:44:31Z,2020-11-03T13:08:22Z,after,732267627
2020-10-29T21:53:11Z,2020-11-03T13:07:28Z,after,732267627
2020-10-28T23:52:09Z,2020-11-03T13:06:08Z,after,732267627
2020-11-02T15:58:37Z,2020-11-02T15:58:37Z,after,732267627
2020-11-02T14:10:17Z,2020-11-02T14:10:17Z,after,732267627
2020-11-02T13:37:58Z,2020-11-02T13:37:58Z,after,732267627
2020-11-02T00:22:51Z,2020-11-02T00:22:51Z,after,732267627
2020-11-01T23:58:59Z,2020-11-01T23:58:59Z,after,732267627
2020-11-01T23:38:14Z,2020-11-01T23:38:14Z,after,732267627
2020-11-01T23:24:14Z,2020-11-01T23:24:14Z,after,732267627
2020-11-01T22:52:02Z,2020-11-01T22:52:02Z,after,732267627
2020-11-01T22:45:14Z,2020-11-01T22:45:14Z,after,732267627
2020-11-01T21:54:21Z,2020-11-01T21:54:21Z,after,732267627
2020-11-01T21:53:29Z,2020-11-01T21:53:29Z,after,732267627
2020-11-01T19:39:34Z,2020-11-01T19:46:11Z,after,732267627
2020-11-01T16:24:11Z,2020-11-01T16:37:04Z,after,732267627
2020-11-01T15:53:43Z,2020-11-01T15:53:43Z,after,732267627
2020-11-01T15:50:18Z,2020-11-01T15:50:18Z,after,732267627
2020-11-01T15:28:10Z,2020-11-01T15:28:10Z,after,732267627
2020-11-01T15:24:49Z,2020-11-01T15:24:49Z,after,732267627
2020-11-01T14:51:05Z,2020-11-01T14:51:05Z,after,732267627
2020-11-01T00:12:38Z,2020-11-01T00:12:38Z,after,732267627
2020-11-01T00:09:30Z,2020-11-01T00:09:30Z,after,732267627
2020-11-01T00:03:31Z,2020-11-01T00:03:31Z,after,732267627
2020-10-31T23:57:58Z,2020-10-31T23:57:58Z,after,732267627
2020-10-31T18:10:48Z,2020-10-31T18:10:48Z,after,732267627
2020-10-31T17:39:40Z,2020-10-31T17:39:40Z,after,732267627
2020-10-31T17:24:47Z,2020-10-31T17:24:47Z,after,732267627
2020-10-31T17:24:18Z,2020-10-31T17:24:18Z,after,732267627
2020-10-31T16:41:21Z,2020-10-31T16:41:21Z,after,732267627
2020-10-31T16:19:31Z,2020-10-31T16:19:37Z,after,732267627
2020-10-31T13:26:11Z,2020-10-31T13:26:11Z,after,732267627
2020-10-31T04:32:18Z,2020-10-31T04:32:24Z,after,732267627
2020-10-30T21:23:52Z,2020-10-30T21:23:52Z,after,732267627
2020-10-30T21:23:20Z,2020-10-30T21:23:20Z,after,732267627
2023-01-08T15:14:52Z,2023-01-08T15:14:52Z,before,1526481982
2023-01-06T15:55:24Z,2023-01-06T15:55:24Z,before,1526481982
2023-01-01T19:01:23Z,2023-01-01T19:01:23Z,before,1526481982
2023-01-01T18:56:06Z,2023-01-01T18:56:06Z,before,1526481982
2023-01-01T18:52:31Z,2023-01-01T18:52:31Z,before,1526481982
2023-01-01T18:41:02Z,2023-01-01T18:41:02Z,before,1526481982
2022-12-29T15:36:07Z,2022-12-29T15:36:07Z,before,1526481982
2022-12-29T15:23:30Z,2022-12-29T15:30:53Z,before,1526481982
2022-12-18T14:51:45Z,2022-12-18T14:51:45Z,before,1526481982
2022-12-18T14:11:25Z,2022-12-18T14:11:25Z,before,1526481982
2022-12-18T14:05:38Z,2022-12-18T14:05:38Z,before,1526481982
2022-12-16T21:40:53Z,2022-12-16T21:40:53Z,before,1526481982
2022-12-16T21:27:15Z,2022-12-16T21:27:15Z,before,1526481982
2022-12-16T21:11:10Z,2022-12-16T21:11:10Z,before,1526481982
2022-12-16T20:55:15Z,2022-12-16T21:04:36Z,before,1526481982
2022-12-14T14:37:18Z,2022-12-15T14:27:58Z,before,1526481982
2022-12-14T13:30:55Z,2022-12-14T13:31:45Z,before,1526481982
2022-12-14T13:17:51Z,2022-12-14T13:18:36Z,before,1526481982
2022-12-14T13:13:13Z,2022-12-14T13:13:13Z,before,1526481982
2023-02-05T17:11:57Z,2023-02-05T17:14:25Z,after,1526481982
2023-02-05T17:08:58Z,2023-02-05T17:09:02Z,after,1526481982
2023-02-05T17:05:43Z,2023-02-05T17:05:43Z,after,1526481982
2023-02-05T16:35:53Z,2023-02-05T16:54:35Z,after,1526481982
2023-02-05T15:15:24Z,2023-02-05T15:15:24Z,after,1526481982
2023-02-05T13:11:25Z,2023-02-05T13:11:25Z,after,1526481982
2023-02-05T13:08:06Z,2023-02-05T13:08:06Z,after,1526481982
2023-02-05T13:07:42Z,2023-02-05T13:07:42Z,after,1526481982
2023-02-05T13:06:53Z,2023-02-05T13:06:53Z,after,1526481982
2023-02-05T13:01:14Z,2023-02-05T13:01:49Z,after,1526481982
2023-02-05T12:41:09Z,2023-02-05T12:41:09Z,after,1526481982
2023-01-26T09:35:25Z,2023-01-26T09:35:25Z,after,1526481982
2023-01-20T03:46:47Z,2023-01-20T06:04:58Z,after,1526481982
2023-01-17T15:33:32Z,2023-01-17T15:40:40Z,after,1526481982
2023-01-12T15:23:51Z,2023-01-12T15:23:51Z,after,1526481982
